<?xml version="1.0" encoding="UTF-8"?>
<nfeProc versao="4.00" xmlns="http://www.portalfiscal.inf.br/nfe">
    <protNFe versao="4.00" xmlns="http://www.portalfiscal.inf.br/nfe">
        <infProt>
            <nProt>
                342240037476087
            </nProt>
            <digVal>
                16S6jKgLO05CqaX/gpCOhhKSdI8=
            </digVal>
            <dhRecbto>
                2024-02-12T09:16:53-03:00
            </dhRecbto>
            <chNFe>
                42240204882911000221550010000163161044351450
            </chNFe>
            <xMotivo>
                Autorizado o uso da NF-e
            </xMotivo>
            <cStat>
                100
            </cStat>
        </infProt>
    </protNFe>
    <NFe xmlns="http://www.portalfiscal.inf.br/nfe">
        <infNFe Id="NFe42240204882911000221550010000163161044351450" versao="4.00">
            <infAdic>
                <infCpl>
                    Pedido: 435145-0 Seu Pedido:LU-1311370712253267  ICMS Diferencial de aliquotas emenda constitucional 87 2015 suspenso  conforme Despacho CONFAZ n.35 2016 (DOU de 11.03.2016) por forca  de decisao do Supremo Tribunal Federal  concedida em sede liminar na Acao  Direta de Inconstitucionalidade (ADIN) n.5.464.   quot;Nos termos da Lei 12.741 12  a carga tributaria aproximada nesta operacao e de RS RS 54 75 quot;
                </infCpl>
            </infAdic>
            <infRespTec>
                <fone>
                    1135900800
                </fone>
                <CNPJ>
                    24783660000154
                </CNPJ>
                <xContato>
                    Renata Lopes Salera
                </xContato>
                <email>
                    renata.salera@otimogestor.com.br
                </email>
            </infRespTec>
            <det nItem="1">
                <prod>
                    <cEAN>
                        SEM GTIN
                    </cEAN>
                    <cProd>
                        AC74PT21
                    </cProd>
                    <qCom>
                        1.0000
                    </qCom>
                    <cEANTrib>
                        SEM GTIN
                    </cEANTrib>
                    <vUnTrib>
                        185.5305
                    </vUnTrib>
                    <qTrib>
                        1.0000
                    </qTrib>
                    <vProd>
                        185.53
                    </vProd>
                    <xProd>
                        CONJUNTO DE MALA DE VIAGEM COM RODINHAS 360 EM ABS
                    </xProd>
                    <vUnCom>
                        185.5305
                    </vUnCom>
                    <indTot>
                        1
                    </indTot>
                    <uTrib>
                        CX
                    </uTrib>
                    <vDesc>
                        19.86
                    </vDesc>
                    <NCM>
                        42021210
                    </NCM>
                    <uCom>
                        CX
                    </uCom>
                    <CFOP>
                        6108
                    </CFOP>
                    <CEST>
                        2805800
                    </CEST>
                    <vFrete>
                        0.10
                    </vFrete>
                </prod>
                <imposto>
                    <vTotTrib>
                        54.75
                    </vTotTrib>
                    <ICMS>
                        <ICMS00>
                            <modBC>
                                3
                            </modBC>
                            <orig>
                                2
                            </orig>
                            <CST>
                                00
                            </CST>
                            <vBC>
                                177.83
                            </vBC>
                            <vICMS>
                                7.11
                            </vICMS>
                            <pICMS>
                                4.00
                            </pICMS>
                        </ICMS00>
                    </ICMS>
                    <IPI>
                        <cEnq>
                            999
                        </cEnq>
                        <IPITrib>
                            <CST>
                                50
                            </CST>
                            <vBC>
                                185.53
                            </vBC>
                            <pIPI>
                                6.50
                            </pIPI>
                            <vIPI>
                                12.06
                            </vIPI>
                        </IPITrib>
                    </IPI>
                    <ICMSUFDest>
                        <vBCFCPUFDest>
                            177.83
                        </vBCFCPUFDest>
                        <pICMSInter>
                            4.00
                        </pICMSInter>
                        <vICMSUFDest>
                            0.00
                        </vICMSUFDest>
                        <vICMSUFRemet>
                            0.00
                        </vICMSUFRemet>
                        <pICMSInterPart>
                            100.00
                        </pICMSInterPart>
                        <vFCPUFDest>
                            0.00
                        </vFCPUFDest>
                        <pFCPUFDest>
                            0.00
                        </pFCPUFDest>
                        <vBCUFDest>
                            177.83
                        </vBCUFDest>
                        <pICMSUFDest>
                            0.00
                        </pICMSUFDest>
                    </ICMSUFDest>
                    <COFINS>
                        <COFINSAliq>
                            <vCOFINS>
                                4.97
                            </vCOFINS>
                            <CST>
                                01
                            </CST>
                            <vBC>
                                165.77
                            </vBC>
                            <pCOFINS>
                                3.00
                            </pCOFINS>
                        </COFINSAliq>
                    </COFINS>
                    <PIS>
                        <PISAliq>
                            <vPIS>
                                1.08
                            </vPIS>
                            <CST>
                                01
                            </CST>
                            <vBC>
                                165.77
                            </vBC>
                            <pPIS>
                                0.65
                            </pPIS>
                        </PISAliq>
                    </PIS>
                </imposto>
            </det>
            <total>
                <ICMSTot>
                    <vCOFINS>
                        4.97
                    </vCOFINS>
                    <vBCST>
                        0.00
                    </vBCST>
                    <vICMSDeson>
                        0.00
                    </vICMSDeson>
                    <vProd>
                        185.53
                    </vProd>
                    <vSeg>
                        0.00
                    </vSeg>
                    <vFCP>
                        0.00
                    </vFCP>
                    <vFCPST>
                        0.00
                    </vFCPST>
                    <vNF>
                        177.83
                    </vNF>
                    <vTotTrib>
                        54.75
                    </vTotTrib>
                    <vPIS>
                        1.08
                    </vPIS>
                    <vIPIDevol>
                        0.00
                    </vIPIDevol>
                    <vBC>
                        177.83
                    </vBC>
                    <vST>
                        0.00
                    </vST>
                    <vICMS>
                        7.11
                    </vICMS>
                    <vII>
                        0.00
                    </vII>
                    <vFCPSTRet>
                        0.00
                    </vFCPSTRet>
                    <vDesc>
                        19.86
                    </vDesc>
                    <vOutro>
                        0.00
                    </vOutro>
                    <vIPI>
                        12.06
                    </vIPI>
                    <vFrete>
                        0.10
                    </vFrete>
                </ICMSTot>
            </total>
            <cobr>
                <fat>
                    <vOrig>
                        177.83
                    </vOrig>
                    <nFat>
                        16316
                    </nFat>
                    <vDesc>
                        0.00
                    </vDesc>
                    <vLiq>
                        177.83
                    </vLiq>
                </fat>
                <dup>
                    <dVenc>
                        2024-02-12
                    </dVenc>
                    <nDup>
                        001
                    </nDup>
                    <vDup>
                        177.83
                    </vDup>
                </dup>
            </cobr>
            <pag>
                <detPag>
                    <vPag>
                        177.83
                    </vPag>
                    <tPag>
                        15
                    </tPag>
                </detPag>
            </pag>
            <ide>
                <tpNF>
                    1
                </tpNF>
                <mod>
                    55
                </mod>
                <indPres>
                    2
                </indPres>
                <tpImp>
                    1
                </tpImp>
                <nNF>
                    16316
                </nNF>
                <cMunFG>
                    4208203
                </cMunFG>
                <procEmi>
                    0
                </procEmi>
                <finNFe>
                    1
                </finNFe>
                <dhEmi>
                    2024-02-12T09:16:52-03:00
                </dhEmi>
                <tpAmb>
                    1
                </tpAmb>
                <indFinal>
                    1
                </indFinal>
                <dhSaiEnt>
                    2024-02-12T09:16:52-03:00
                </dhSaiEnt>
                <idDest>
                    2
                </idDest>
                <tpEmis>
                    1
                </tpEmis>
                <cDV>
                    0
                </cDV>
                <cUF>
                    42
                </cUF>
                <serie>
                    1
                </serie>
                <natOp>
                    VENDA
                </natOp>
                <cNF>
                    04435145
                </cNF>
                <verProc>
                    OG-FTP400B4-MNGSAAS
                </verProc>
                <indIntermed>
                    1
                </indIntermed>
            </ide>
            <infIntermed>
                <CNPJ>
                    47960950000121
                </CNPJ>
                <idCadIntTran>
                    MAGAZINE LUIZA S A
                </idCadIntTran>
            </infIntermed>
            <dest>
                <xNome>
                    RAYANE QUEZIA LIMA DUARTE
                </xNome>
                <CPF>
                    13740656417
                </CPF>
                <enderDest>
                    <xCpl>
                        NA CASA QUE VENDE GELO
                    </xCpl>
                    <fone>
                        1111111284
                    </fone>
                    <UF>
                        AL
                    </UF>
                    <xPais>
                        BRASIL
                    </xPais>
                    <cPais>
                        1058
                    </cPais>
                    <xLgr>
                        GETULIO VARGAS
                    </xLgr>
                    <xMun>
                        PALMEIRA DOS INDIOS
                    </xMun>
                    <nro>
                        1170
                    </nro>
                    <cMun>
                        2706307
                    </cMun>
                    <xBairro>
                        VILA MARIA
                    </xBairro>
                    <CEP>
                        57607500
                    </CEP>
                </enderDest>
                <indIEDest>
                    9
                </indIEDest>
                <email>
                    americanas@cartuchosweb.com.br
                </email>
            </dest>
            <emit>
                <xNome>
                    F C BRITO COMERCIO DE PRODUTOS IMPORTADOS EIRELI
                </xNome>
                <CRT>
                    3
                </CRT>
                <xFant>
                    F C BRITO COMERCIO DE PRODUTOS IMPORTADOS EIRELI
                </xFant>
                <CNPJ>
                    04882911000221
                </CNPJ>
                <enderEmit>
                    <xCpl>
                        SALA 2J
                    </xCpl>
                    <fone>
                        1124562900
                    </fone>
                    <UF>
                        SC
                    </UF>
                    <xPais>
                        BRASIL
                    </xPais>
                    <cPais>
                        1058
                    </cPais>
                    <xLgr>
                        R SAO CRISTOVAO
                    </xLgr>
                    <xMun>
                        ITAJAI
                    </xMun>
                    <nro>
                        879
                    </nro>
                    <cMun>
                        4208203
                    </cMun>
                    <xBairro>
                        CORDEIROS
                    </xBairro>
                    <CEP>
                        88310161
                    </CEP>
                </enderEmit>
                <IE>
                    260599549
                </IE>
            </emit>
            <transp>
                <modFrete>
                    1
                </modFrete>
                <transporta>
                    <xNome>
                        PAC SITE
                    </xNome>
                    <UF>
                        SP
                    </UF>
                    <IE>
                        ISENTO
                    </IE>
                </transporta>
            </transp>
        </infNFe>
    </NFe>
</nfeProc>